{
    "coral": {
        "train": {
            "0.05": 0.07936747372150421,
            "0.2": 0.08173432946205139,
            "1": 0.11482541263103485
        },
        "test": {
            "0.05": 0.08008505403995514,
            "0.2": 0.08625645935535431,
            "1": 0.1145615428686142
        }
    },
    "dino": {
        "train": {
            "0.05": 1.025270938873291,
            "0.2": 1.2612818479537964,
            "1": 1.2925350666046143
        },
        "test": {
            "0.05": 0.9957545399665833,
            "0.2": 1.252145528793335,
            "1": 1.2336580753326416
        }
    },
    "mppde": {
        "train": {
            "0.05": 0.20550502836704254,
            "0.2": 0.20868314802646637,
            "1": 0.37131267786026
        },
        "test": {
            "0.05": 0.20535673201084137,
            "0.2": 0.21028070151805878,
            "1": 0.37095749378204346
        }
    },
    "deeponet": {
        "train": {
            "0.05": 0.012801597826182842,
            "0.2": 0.013964161276817322,
            "1": 0.0669373944401741
        },
        "test": {
            "0.05": 0.016543835401535034,
            "0.2": 0.01195836067199707,
            "1": 0.06842942535877228
        }
    },
    "fno": {
        "train": {
            "1": 0.08293604850769043
        },
        "test": {
            "1": 0.08057740330696106
        }
    }
}