{
    "coral": {
        "train": {
            "0.05": 0.07936747372150421,
            "1": 0.11639378219842911,
            "2": 0.23214951157569885,
            "4": 0.6900257468223572
        },
        "test": {
            "0.05": 0.08008505403995514,
            "1": 0.11417548358440399,
            "2": 0.23294994235038757,
            "4": 0.6916661858558655
        }
    },
    "dino": {
        "train": {
            "0.05": 1.025270938873291,
            "1": 1.271205186843872,
            "2": 1.3467957973480225,
            "4": 1.5919849872589111
        },
        "test": {
            "0.05": 0.9957545399665833,
            "1": 1.233670949935913,
            "2": 1.3213022947311401,
            "4": 1.5749133825302124
        }
    },
    "mppde": {
        "train": {
            "0.05": 0.20550502836704254,
            "1": 0.365725040435791,
            "2": 1.189630389213562,
            "4": 5.038802146911621
        },
        "test": {
            "0.05": 0.20535673201084137,
            "1": 0.3664841055870056,
            "2": 1.178015112876892,
            "4": 5.032277584075928
        }
    },
    "deeponet": {
        "train": {
            "0.05": 0.012801597826182842,
            "1": 0.029632870107889175,
            "2": 0.037632621824741364,
            "4": 0.040480200201272964
        },
        "test": {
            "0.05": 0.016543835401535034,
            "1": 0.03713288903236389,
            "2": 0.03820796310901642,
            "4": 0.03555727005004883
        }
    },
    "fno": {
        "train": {
            "1": 0.08399155735969543,
            "2": 0.08229312300682068,
            "4": 0.1250285804271698
        },
        "test": {
            "1": 0.08006340265274048,
            "2": 0.08250273764133453,
            "4": 0.12990108132362366
        }
    }
}